{"cameraMode":{"drawMode":0,"name":"Shaded","section":"Shading Mode"},"sceneLighting":false,"audioPlay":false,"sceneViewState":{"showFog":true,"showMaterialUpdate":false,"showSkybox":true,"showFlares":true,"showImageEffects":true,"showParticleSystems":true},"in2DMode":false,"pivot":{"x":-2.357534408569336,"y":0.2199997901916504,"z":0.0},"rotation":{"x":-0.06626040488481522,"y":-0.006887400522828102,"z":0.00045749617856927216,"w":-0.9977785348892212},"size":32.13047790527344,"orthographic":false}