{"cameraMode":{"drawMode":0,"name":"Shaded","section":"Shading Mode"},"sceneLighting":false,"audioPlay":false,"sceneViewState":{"showFog":true,"showMaterialUpdate":false,"showSkybox":true,"showFlares":true,"showImageEffects":true,"showParticleSystems":true},"in2DMode":false,"pivot":{"x":0.5210435390472412,"y":-4.366499423980713,"z":21.05267906188965},"rotation":{"x":-0.07523590326309204,"y":0.009570046328008175,"z":-0.0007219698745757341,"w":-0.997119665145874},"size":32.165306091308597,"orthographic":false}