{"cameraMode":{"drawMode":0,"name":"Shaded","section":"Shading Mode"},"sceneLighting":true,"audioPlay":false,"sceneViewState":{"showFog":true,"showMaterialUpdate":false,"showSkybox":true,"showFlares":true,"showImageEffects":true,"showParticleSystems":true},"in2DMode":false,"pivot":{"x":-2.788440704345703,"y":-4.966397762298584,"z":3.799734115600586},"rotation":{"x":-0.36591216921806338,"y":0.4626579284667969,"z":-0.21771086752414704,"w":-0.7775975465774536},"size":16.22852897644043,"orthographic":false}