{"cameraMode":{"drawMode":0,"name":"Shaded","section":"Shading Mode"},"sceneLighting":true,"audioPlay":false,"sceneViewState":{"showFog":true,"showMaterialUpdate":false,"showSkybox":true,"showFlares":true,"showImageEffects":true,"showParticleSystems":true},"in2DMode":false,"pivot":{"x":9.446731567382813,"y":2.765092134475708,"z":2.988922595977783},"rotation":{"x":0.021075082942843438,"y":-0.9502573013305664,"z":0.30367302894592287,"w":0.06595198065042496},"size":10.449999809265137,"orthographic":false}