{"cameraMode":{"drawMode":0,"name":"Shaded","section":"Shading Mode"},"sceneLighting":false,"audioPlay":false,"sceneViewState":{"showFog":true,"showMaterialUpdate":false,"showSkybox":true,"showFlares":true,"showImageEffects":true,"showParticleSystems":true},"in2DMode":false,"pivot":{"x":1.9965453147888184,"y":-2.6793007850646974,"z":0.37816381454467776},"rotation":{"x":-0.11214204877614975,"y":0.8871878385543823,"z":-0.33425378799438479,"w":-0.2976514399051666},"size":594.2457885742188,"orthographic":false}