{"cameraMode":{"drawMode":0,"name":"Shaded","section":"Shading Mode"},"sceneLighting":true,"audioPlay":false,"sceneViewState":{"showFog":true,"showMaterialUpdate":true,"showSkybox":true,"showFlares":true,"showImageEffects":true,"showParticleSystems":true},"in2DMode":false,"pivot":{"x":-26.45172882080078,"y":-19.28366470336914,"z":6.366909027099609},"rotation":{"x":0.24287833273410798,"y":-0.6197367310523987,"z":0.21020546555519105,"w":0.7160658240318298},"size":36.92890167236328,"orthographic":false}