{"cameraMode":{"drawMode":0,"name":"Shaded","section":"Shading Mode"},"sceneLighting":true,"audioPlay":false,"sceneViewState":{"showFog":true,"showMaterialUpdate":true,"showSkybox":true,"showFlares":true,"showImageEffects":true,"showParticleSystems":true},"in2DMode":false,"pivot":{"x":-6.590000152587891,"y":-0.3400000035762787,"z":5.0},"rotation":{"x":0.11672910302877426,"y":0.01101638749241829,"z":-0.001294792746193707,"w":0.9931018948554993},"size":7.286242485046387,"orthographic":false}