{"cameraMode":{"drawMode":0,"name":"Shaded","section":"Shading Mode"},"sceneLighting":true,"audioPlay":false,"sceneViewState":{"showFog":true,"showMaterialUpdate":true,"showSkybox":true,"showFlares":true,"showImageEffects":true,"showParticleSystems":true},"in2DMode":false,"pivot":{"x":10.685530662536621,"y":1.8348236083984376,"z":1.3497916460037232},"rotation":{"x":0.19871222972869874,"y":-0.7045938372612,"z":0.21680375933647157,"w":0.6457996964454651},"size":10.828047752380371,"orthographic":false}
