{"cameraMode":{"drawMode":0,"name":"Shaded","section":"Shading Mode"},"sceneLighting":true,"audioPlay":false,"sceneViewState":{"showFog":true,"showMaterialUpdate":true,"showSkybox":true,"showFlares":true,"showImageEffects":true,"showParticleSystems":true},"in2DMode":false,"pivot":{"x":-11.328709602355957,"y":-18.53505516052246,"z":13.372363090515137},"rotation":{"x":0.25251075625419619,"y":-0.5085301399230957,"z":0.1589844971895218,"w":0.8076876997947693},"size":38.06899642944336,"orthographic":false}