{"cameraMode":{"drawMode":0,"name":"Shaded","section":"Shading Mode"},"sceneLighting":true,"audioPlay":false,"sceneViewState":{"showFog":true,"showMaterialUpdate":true,"showSkybox":true,"showFlares":true,"showImageEffects":true,"showParticleSystems":true},"in2DMode":false,"pivot":{"x":-9.201722145080567,"y":-1.1920626163482667,"z":-8.067583084106446},"rotation":{"x":0.04964723438024521,"y":-0.8613430261611939,"z":0.08583121001720429,"w":0.49825331568717959},"size":20.430038452148439,"orthographic":false}