{"cameraMode":{"drawMode":0,"name":"Shaded","section":"Shading Mode"},"sceneLighting":true,"audioPlay":false,"sceneViewState":{"showFog":true,"showMaterialUpdate":true,"showSkybox":true,"showFlares":true,"showImageEffects":true,"showParticleSystems":true},"in2DMode":false,"pivot":{"x":538.8499755859375,"y":69.80001831054688,"z":0.0},"rotation":{"x":0.004499981179833412,"y":-0.0014999840641394258,"z":-0.000006749975909770001,"w":-0.9999887943267822},"size":258.59307861328127,"orthographic":false}