{"cameraMode":{"drawMode":0,"name":"Shaded","section":"Shading Mode"},"sceneLighting":true,"audioPlay":false,"sceneViewState":{"showFog":true,"showMaterialUpdate":true,"showSkybox":true,"showFlares":true,"showImageEffects":true,"showParticleSystems":true},"in2DMode":false,"pivot":{"x":3.8289313316345217,"y":7.207859992980957,"z":4.307435035705566},"rotation":{"x":-0.12150168418884278,"y":0.013983650133013726,"z":-0.0017137151444330812,"w":-0.9924912452697754},"size":15.221227645874024,"orthographic":false}