{"cameraMode":{"drawMode":0,"name":"Shaded","section":"Shading Mode"},"sceneLighting":true,"audioPlay":false,"sceneViewState":{"showFog":true,"showMaterialUpdate":true,"showSkybox":true,"showFlares":true,"showImageEffects":true,"showParticleSystems":true},"in2DMode":false,"pivot":{"x":10.735246658325196,"y":4.523603916168213,"z":4.641875743865967},"rotation":{"x":-0.14973144233226777,"y":0.7906368374824524,"z":-0.2137288749217987,"w":-0.553889811038971},"size":8.544424057006836,"orthographic":false}