{"cameraMode":{"drawMode":0,"name":"Shaded","section":"Shading Mode"},"sceneLighting":true,"audioPlay":false,"sceneViewState":{"showFog":true,"showMaterialUpdate":true,"showSkybox":true,"showFlares":true,"showImageEffects":true,"showParticleSystems":true},"in2DMode":false,"pivot":{"x":392.8243103027344,"y":266.66009521484377,"z":0.86627197265625},"rotation":{"x":0.004499981179833412,"y":-0.0014999840641394258,"z":-0.000006749975909770001,"w":-0.9999887943267822},"size":382.60296630859377,"orthographic":false}