{"cameraMode":{"drawMode":0,"name":"Shaded","section":"Shading Mode"},"sceneLighting":true,"audioPlay":false,"sceneViewState":{"showFog":true,"showMaterialUpdate":true,"showSkybox":true,"showFlares":true,"showImageEffects":true,"showParticleSystems":true},"in2DMode":false,"pivot":{"x":-21.324665069580079,"y":-4.664743900299072,"z":4.0071916580200199},"rotation":{"x":0.20690035820007325,"y":-0.6707770228385925,"z":0.2033277451992035,"w":0.6825748085975647},"size":20.430038452148439,"orthographic":false}