{"cameraMode":{"drawMode":0,"name":"Shaded","section":"Shading Mode"},"sceneLighting":true,"audioPlay":false,"sceneViewState":{"showFog":true,"showMaterialUpdate":true,"showSkybox":true,"showFlares":true,"showImageEffects":true,"showParticleSystems":true},"in2DMode":false,"pivot":{"x":8.31997299194336,"y":-2.13273024559021,"z":-16.743637084960939},"rotation":{"x":-0.021016515791416169,"y":-0.9719046950340271,"z":0.0953698679804802,"w":-0.21415948867797852},"size":28.469308853149415,"orthographic":false}