{"cameraMode":{"drawMode":0,"name":"Shaded","section":"Shading Mode"},"sceneLighting":true,"audioPlay":false,"sceneViewState":{"showFog":true,"showMaterialUpdate":true,"showSkybox":true,"showFlares":true,"showImageEffects":true,"showParticleSystems":true},"in2DMode":false,"pivot":{"x":269.8900146484375,"y":155.86721801757813,"z":71.85714721679688},"rotation":{"x":0.017794236540794374,"y":0.15296033024787904,"z":-0.0027538256254047157,"w":0.9880682826042175},"size":966.0596313476563,"orthographic":false}