{"cameraMode":{"drawMode":0,"name":"Shaded","section":"Shading Mode"},"sceneLighting":false,"audioPlay":false,"sceneViewState":{"showFog":true,"showMaterialUpdate":true,"showSkybox":true,"showFlares":true,"showImageEffects":true,"showParticleSystems":true},"in2DMode":false,"pivot":{"x":109.54766845703125,"y":408.18084716796877,"z":0.0},"rotation":{"x":0.013800551183521748,"y":-0.9514731168746948,"z":0.04314522445201874,"w":0.30437973141670229},"size":174.22894287109376,"orthographic":false}