{"cameraMode":{"drawMode":0,"name":"Shaded","section":"Shading Mode"},"sceneLighting":true,"audioPlay":false,"sceneViewState":{"showFog":true,"showMaterialUpdate":true,"showSkybox":true,"showFlares":true,"showImageEffects":true,"showParticleSystems":true},"in2DMode":false,"pivot":{"x":-19.7230281829834,"y":-0.6259652376174927,"z":-13.287393569946289},"rotation":{"x":0.02355925180017948,"y":-0.9380999207496643,"z":0.06512834131717682,"w":0.3393698036670685},"size":29.397727966308595,"orthographic":false}