{"cameraMode":{"drawMode":0,"name":"Shaded","section":"Shading Mode"},"sceneLighting":true,"audioPlay":false,"sceneViewState":{"showFog":true,"showMaterialUpdate":true,"showSkybox":true,"showFlares":true,"showImageEffects":true,"showParticleSystems":true},"in2DMode":false,"pivot":{"x":3.9109551906585695,"y":1.473310947418213,"z":-2.4334299564361574},"rotation":{"x":0.10934051126241684,"y":-0.7361125349998474,"z":0.12257751077413559,"w":0.6566260457038879},"size":10.828047752380371,"orthographic":false}