{"cameraMode":{"drawMode":0,"name":"Shaded","section":"Shading Mode"},"sceneLighting":false,"audioPlay":false,"sceneViewState":{"showFog":true,"showMaterialUpdate":true,"showSkybox":true,"showFlares":true,"showImageEffects":true,"showParticleSystems":true},"in2DMode":false,"pivot":{"x":7.357999801635742,"y":3.681999921798706,"z":2.302999973297119},"rotation":{"x":-0.12150168418884278,"y":0.013983650133013726,"z":-0.0017137151444330812,"w":-0.9924912452697754},"size":777.75390625,"orthographic":false}