{"cameraMode":{"drawMode":0,"name":"Shaded","section":"Shading Mode"},"sceneLighting":true,"audioPlay":false,"sceneViewState":{"showFog":true,"showMaterialUpdate":true,"showSkybox":true,"showFlares":true,"showImageEffects":true,"showParticleSystems":true},"in2DMode":false,"pivot":{"x":-43.09539031982422,"y":8.424644470214844,"z":9.06441879272461},"rotation":{"x":-0.26324263215065,"y":0.5331615805625916,"z":-0.17905984818935395,"w":-0.7838237881660461},"size":6.394876003265381,"orthographic":false}