{"cameraMode":{"drawMode":0,"name":"Shaded","section":"Shading Mode"},"sceneLighting":true,"audioPlay":false,"sceneViewState":{"showFog":true,"showMaterialUpdate":true,"showSkybox":true,"showFlares":true,"showImageEffects":true,"showParticleSystems":true},"in2DMode":false,"pivot":{"x":-75.93055725097656,"y":0.6191936135292053,"z":28.216445922851564},"rotation":{"x":0.30171260237693789,"y":-0.3966565430164337,"z":0.13987089693546296,"w":0.8556104898452759},"size":8.544424057006836,"orthographic":false}
