{"cameraMode":{"drawMode":0,"name":"Shaded","section":"Shading Mode"},"sceneLighting":true,"audioPlay":false,"sceneViewState":{"showFog":true,"showMaterialUpdate":true,"showSkybox":true,"showFlares":true,"showImageEffects":true,"showParticleSystems":true},"in2DMode":false,"pivot":{"x":-11.055694580078125,"y":-18.228551864624025,"z":16.219585418701173},"rotation":{"x":0.30412420630455019,"y":-0.45593947172164919,"z":0.16928032040596009,"w":0.8191287517547607},"size":62.18899917602539,"orthographic":false}