{"cameraMode":{"drawMode":0,"name":"Shaded","section":"Shading Mode"},"sceneLighting":false,"audioPlay":false,"sceneViewState":{"showFog":true,"showMaterialUpdate":true,"showSkybox":true,"showFlares":true,"showImageEffects":true,"showParticleSystems":true},"in2DMode":false,"pivot":{"x":8.033349990844727,"y":29.887922286987306,"z":-13.719688415527344},"rotation":{"x":-0.47135964035987856,"y":0.28849202394485476,"z":0.16652128100395204,"w":0.8166168928146362},"size":29.7574520111084,"orthographic":false}