{"cameraMode":{"drawMode":0,"name":"Shaded","section":"Shading Mode"},"sceneLighting":true,"audioPlay":false,"sceneViewState":{"showFog":true,"showMaterialUpdate":true,"showSkybox":true,"showFlares":true,"showImageEffects":true,"showParticleSystems":true},"in2DMode":false,"pivot":{"x":15.33244514465332,"y":-8.379497528076172,"z":-9.296876907348633},"rotation":{"x":-0.0832955539226532,"y":-0.8985074758529663,"z":0.19462472200393678,"w":-0.3845352530479431},"size":35.191436767578128,"orthographic":false}