{"cameraMode":{"drawMode":0,"name":"Shaded","section":"Shading Mode"},"sceneLighting":true,"audioPlay":false,"sceneViewState":{"showFog":true,"showMaterialUpdate":true,"showSkybox":true,"showFlares":true,"showImageEffects":true,"showParticleSystems":true},"in2DMode":false,"pivot":{"x":2.680622100830078,"y":1.1936107873916627,"z":3.790194511413574},"rotation":{"x":0.1478908658027649,"y":0.8020650744438171,"z":-0.22197960317134858,"w":0.5343641042709351},"size":4.449904441833496,"orthographic":false}