{"cameraMode":{"drawMode":0,"name":"Shaded","section":"Shading Mode"},"sceneLighting":true,"audioPlay":false,"sceneViewState":{"showFog":true,"showMaterialUpdate":true,"showSkybox":true,"showFlares":true,"showImageEffects":true,"showParticleSystems":true},"in2DMode":false,"pivot":{"x":-4.172744274139404,"y":1.1292245388031006,"z":5.108599662780762},"rotation":{"x":-0.01196657121181488,"y":0.06653700023889542,"z":0.000798627792391926,"w":0.9977119565010071},"size":14.678596496582032,"orthographic":false}