{"cameraMode":{"drawMode":0,"name":"Shaded","section":"Shading Mode"},"sceneLighting":true,"audioPlay":false,"sceneViewState":{"showFog":true,"showMaterialUpdate":true,"showSkybox":true,"showFlares":true,"showImageEffects":true,"showParticleSystems":true},"in2DMode":false,"pivot":{"x":-15.066590309143067,"y":3.379970073699951,"z":31.863433837890626},"rotation":{"x":0.22049565613269807,"y":-0.388598769903183,"z":0.09633680433034897,"w":0.8894335031509399},"size":10.828047752380371,"orthographic":false}