{"cameraMode":{"drawMode":0,"name":"Shaded","section":"Shading Mode"},"sceneLighting":true,"audioPlay":false,"sceneViewState":{"showFog":true,"showMaterialUpdate":true,"showSkybox":true,"showFlares":true,"showImageEffects":true,"showParticleSystems":true},"in2DMode":false,"pivot":{"x":3.5751254558563234,"y":-0.23728656768798829,"z":6.302487850189209},"rotation":{"x":-0.14506472647190095,"y":0.19454389810562135,"z":-0.029104018583893777,"w":-0.9696710705757141},"size":8.799342155456543,"orthographic":false}