{"cameraMode":{"drawMode":0,"name":"Shaded","section":"Shading Mode"},"sceneLighting":true,"audioPlay":false,"sceneViewState":{"showFog":true,"showMaterialUpdate":true,"showSkybox":true,"showFlares":true,"showImageEffects":true,"showParticleSystems":true},"in2DMode":false,"pivot":{"x":0.7512617111206055,"y":-1.9281716346740723,"z":1.2224589586257935},"rotation":{"x":0.1926705539226532,"y":-0.8005644679069519,"z":0.3389483392238617,"w":0.45506998896598818},"size":7.286242485046387,"orthographic":false}