{"cameraMode":{"drawMode":0,"name":"Shaded","section":"Shading Mode"},"sceneLighting":true,"audioPlay":false,"sceneViewState":{"showFog":true,"showMaterialUpdate":true,"showSkybox":true,"showFlares":true,"showImageEffects":true,"showParticleSystems":true},"in2DMode":false,"pivot":{"x":413.4369812011719,"y":217.0,"z":2.56000018119812},"rotation":{"x":-0.04313968867063522,"y":0.12734906375408173,"z":-0.00554458424448967,"w":-0.9909038543701172},"size":1301.4757080078125,"orthographic":false}