{"cameraMode":{"drawMode":0,"name":"Shaded","section":"Shading Mode"},"sceneLighting":false,"audioPlay":false,"sceneViewState":{"showFog":true,"showMaterialUpdate":true,"showSkybox":true,"showFlares":true,"showImageEffects":true,"showParticleSystems":true},"in2DMode":false,"pivot":{"x":316.3767395019531,"y":195.20703125,"z":34.173309326171878},"rotation":{"x":0.013800551183521748,"y":-0.9514731168746948,"z":0.04314522445201874,"w":0.30437973141670229},"size":50.57890319824219,"orthographic":false}