{"cameraMode":{"drawMode":0,"name":"Shaded","section":"Shading Mode"},"sceneLighting":true,"audioPlay":false,"sceneViewState":{"showFog":true,"showMaterialUpdate":false,"showSkybox":true,"showFlares":true,"showImageEffects":true,"showParticleSystems":true},"in2DMode":false,"pivot":{"x":1.3767635822296143,"y":2.8028135299682619,"z":-0.21520614624023438},"rotation":{"x":0.2504839599132538,"y":0.16029119491577149,"z":-0.042093779891729358,"w":0.9538305401802063},"size":2.9696755409240724,"orthographic":false}