{"cameraMode":{"drawMode":0,"name":"Shaded","section":"Shading Mode"},"sceneLighting":true,"audioPlay":false,"sceneViewState":{"showFog":true,"showMaterialUpdate":false,"showSkybox":true,"showFlares":true,"showImageEffects":true,"showParticleSystems":true},"in2DMode":false,"pivot":{"x":333.18621826171877,"y":248.53604125976563,"z":43.266845703125},"rotation":{"x":-0.029083244502544404,"y":0.9481885433197022,"z":0.09101065248250961,"w":0.30300119519233706},"size":1775.45068359375,"orthographic":false}