{"cameraMode":{"drawMode":0,"name":"Shaded","section":"Shading Mode"},"sceneLighting":false,"audioPlay":false,"sceneViewState":{"showFog":true,"showMaterialUpdate":false,"showSkybox":true,"showFlares":true,"showImageEffects":true,"showParticleSystems":true},"in2DMode":false,"pivot":{"x":572.9010620117188,"y":307.9314270019531,"z":16.409648895263673},"rotation":{"x":0.03717757388949394,"y":0.01258673146367073,"z":0.0004677445685956627,"w":-0.9992293119430542},"size":22.0,"orthographic":false}