{"cameraMode":{"drawMode":0,"name":"Shaded","section":"Shading Mode"},"sceneLighting":true,"audioPlay":false,"sceneViewState":{"showFog":true,"showMaterialUpdate":false,"showSkybox":true,"showFlares":true,"showImageEffects":true,"showParticleSystems":true},"in2DMode":false,"pivot":{"x":-8.673190116882325,"y":-5.117668151855469,"z":22.88607406616211},"rotation":{"x":0.33134764432907107,"y":-0.20982977747917176,"z":0.07583960145711899,"w":0.9167489409446716},"size":22.0,"orthographic":false}