{"cameraMode":{"drawMode":0,"name":"Shaded","section":"Shading Mode"},"sceneLighting":true,"audioPlay":false,"sceneViewState":{"showFog":true,"showMaterialUpdate":false,"showSkybox":true,"showFlares":true,"showImageEffects":true,"showParticleSystems":true},"in2DMode":false,"pivot":{"x":-15.533906936645508,"y":-6.148442268371582,"z":-0.03232386335730553},"rotation":{"x":0.34156376123428347,"y":0.30191245675086977,"z":-0.1168709397315979,"w":0.8823402523994446},"size":22.0,"orthographic":false}