{"cameraMode":{"drawMode":0,"name":"Shaded","section":"Shading Mode"},"sceneLighting":true,"audioPlay":false,"sceneViewState":{"showFog":true,"showMaterialUpdate":true,"showSkybox":true,"showFlares":true,"showImageEffects":true,"showParticleSystems":true},"in2DMode":false,"pivot":{"x":8.86931037902832,"y":5.067300796508789,"z":0.4558073580265045},"rotation":{"x":0.25629234313964846,"y":-0.2628076672554016,"z":0.07273701578378678,"w":0.9273380041122437},"size":5.590372085571289,"orthographic":false}